<?xml version="1.0" encoding="UTF-8" standalone="no"?>
<n1:Level-2A_User_Product xmlns:n1="https://psd-14.sentinel2.eo.esa.int/PSD/User_Product_Level-2A.xsd" xmlns:xsi="http://www.w3.org/2001/XMLSchema-instance" xsi:schemaLocation="https://psd-14.sentinel2.eo.esa.int/PSD/User_Product_Level-2A.xsd">
    <n1:General_Info>
        <Product_Info>
            <PRODUCT_START_TIME>2024-05-23T17:08:51.024Z</PRODUCT_START_TIME>
            <PRODUCT_STOP_TIME>2024-05-23T17:08:51.024Z</PRODUCT_STOP_TIME>
            <PRODUCT_URI>S2A_MSIL2A_20240523T170851_N0510_R112_T15TVG_20240524T002051.SAFE</PRODUCT_URI>
            <PROCESSING_LEVEL>Level-2A</PROCESSING_LEVEL>
            <PRODUCT_TYPE>S2MSI2A</PRODUCT_TYPE>
            <PROCESSING_BASELINE>05.10</PROCESSING_BASELINE>
            <PRODUCT_DOI>https://doi.org/10.5270/S2_-znk9xsj</PRODUCT_DOI>
            <GENERATION_TIME>2024-05-24T00:20:51.000000Z</GENERATION_TIME>
            <PREVIEW_IMAGE_URL>Not applicable</PREVIEW_IMAGE_URL>
            <PREVIEW_GEO_INFO>Not applicable</PREVIEW_GEO_INFO>
            <Datatake datatakeIdentifier="GS2A_20240523T170851_046584_N05.10">
      <SPACECRAFT_NAME>Sentinel-2A</SPACECRAFT_NAME>
      <DATATAKE_TYPE>INS-NOBS</DATATAKE_TYPE>
      <DATATAKE_SENSING_START>2024-05-23T17:08:51.024Z</DATATAKE_SENSING_START>
      <SENSING_ORBIT_NUMBER>112</SENSING_ORBIT_NUMBER>
      <SENSING_ORBIT_DIRECTION>DESCENDING</SENSING_ORBIT_DIRECTION>
    </Datatake>
<Query_Options completeSingleTile="true">
<PRODUCT_FORMAT>SAFE_COMPACT</PRODUCT_FORMAT>
</Query_Options>
<Product_Organisation>
                <Granule_List>
                    <Granule datastripIdentifier="S2A_OPER_MSI_L2A_DS_2APS_20240524T002051_S20240523T172147_N05.10" granuleIdentifier="S2A_OPER_MSI_L2A_TL_2APS_20240524T002051_A046584_T15TVG_N05.10" imageFormat="JPEG2000">
                        <IMAGE_FILE>GRANULE/L2A_T15TVG_A046584_20240523T172147/IMG_DATA/R10m/T15TVG_20240523T170851_B02_10m</IMAGE_FILE>
                        <IMAGE_FILE>GRANULE/L2A_T15TVG_A046584_20240523T172147/IMG_DATA/R10m/T15TVG_20240523T170851_B03_10m</IMAGE_FILE>
                        <IMAGE_FILE>GRANULE/L2A_T15TVG_A046584_20240523T172147/IMG_DATA/R10m/T15TVG_20240523T170851_B04_10m</IMAGE_FILE>
                        <IMAGE_FILE>GRANULE/L2A_T15TVG_A046584_20240523T172147/IMG_DATA/R10m/T15TVG_20240523T170851_B08_10m</IMAGE_FILE>
                        <IMAGE_FILE>GRANULE/L2A_T15TVG_A046584_20240523T172147/IMG_DATA/R10m/T15TVG_20240523T170851_TCI_10m</IMAGE_FILE>
                        <IMAGE_FILE>GRANULE/L2A_T15TVG_A046584_20240523T172147/IMG_DATA/R10m/T15TVG_20240523T170851_AOT_10m</IMAGE_FILE>
                        <IMAGE_FILE>GRANULE/L2A_T15TVG_A046584_20240523T172147/IMG_DATA/R10m/T15TVG_20240523T170851_WVP_10m</IMAGE_FILE>
                        <IMAGE_FILE>GRANULE/L2A_T15TVG_A046584_20240523T172147/IMG_DATA/R20m/T15TVG_20240523T170851_B01_20m</IMAGE_FILE>
                        <IMAGE_FILE>GRANULE/L2A_T15TVG_A046584_20240523T172147/IMG_DATA/R20m/T15TVG_20240523T170851_B02_20m</IMAGE_FILE>
                        <IMAGE_FILE>GRANULE/L2A_T15TVG_A046584_20240523T172147/IMG_DATA/R20m/T15TVG_20240523T170851_B03_20m</IMAGE_FILE>
                        <IMAGE_FILE>GRANULE/L2A_T15TVG_A046584_20240523T172147/IMG_DATA/R20m/T15TVG_20240523T170851_B04_20m</IMAGE_FILE>
                        <IMAGE_FILE>GRANULE/L2A_T15TVG_A046584_20240523T172147/IMG_DATA/R20m/T15TVG_20240523T170851_B05_20m</IMAGE_FILE>
                        <IMAGE_FILE>GRANULE/L2A_T15TVG_A046584_20240523T172147/IMG_DATA/R20m/T15TVG_20240523T170851_B06_20m</IMAGE_FILE>
                        <IMAGE_FILE>GRANULE/L2A_T15TVG_A046584_20240523T172147/IMG_DATA/R20m/T15TVG_20240523T170851_B07_20m</IMAGE_FILE>
                        <IMAGE_FILE>GRANULE/L2A_T15TVG_A046584_20240523T172147/IMG_DATA/R20m/T15TVG_20240523T170851_B8A_20m</IMAGE_FILE>
                        <IMAGE_FILE>GRANULE/L2A_T15TVG_A046584_20240523T172147/IMG_DATA/R20m/T15TVG_20240523T170851_B11_20m</IMAGE_FILE>
                        <IMAGE_FILE>GRANULE/L2A_T15TVG_A046584_20240523T172147/IMG_DATA/R20m/T15TVG_20240523T170851_B12_20m</IMAGE_FILE>
                        <IMAGE_FILE>GRANULE/L2A_T15TVG_A046584_20240523T172147/IMG_DATA/R20m/T15TVG_20240523T170851_TCI_20m</IMAGE_FILE>
                        <IMAGE_FILE>GRANULE/L2A_T15TVG_A046584_20240523T172147/IMG_DATA/R20m/T15TVG_20240523T170851_AOT_20m</IMAGE_FILE>
                        <IMAGE_FILE>GRANULE/L2A_T15TVG_A046584_20240523T172147/IMG_DATA/R20m/T15TVG_20240523T170851_WVP_20m</IMAGE_FILE>
                        <IMAGE_FILE>GRANULE/L2A_T15TVG_A046584_20240523T172147/IMG_DATA/R20m/T15TVG_20240523T170851_SCL_20m</IMAGE_FILE>
                        <IMAGE_FILE>GRANULE/L2A_T15TVG_A046584_20240523T172147/IMG_DATA/R60m/T15TVG_20240523T170851_B01_60m</IMAGE_FILE>
                        <IMAGE_FILE>GRANULE/L2A_T15TVG_A046584_20240523T172147/IMG_DATA/R60m/T15TVG_20240523T170851_B02_60m</IMAGE_FILE>
                        <IMAGE_FILE>GRANULE/L2A_T15TVG_A046584_20240523T172147/IMG_DATA/R60m/T15TVG_20240523T170851_B03_60m</IMAGE_FILE>
                        <IMAGE_FILE>GRANULE/L2A_T15TVG_A046584_20240523T172147/IMG_DATA/R60m/T15TVG_20240523T170851_B04_60m</IMAGE_FILE>
                        <IMAGE_FILE>GRANULE/L2A_T15TVG_A046584_20240523T172147/IMG_DATA/R60m/T15TVG_20240523T170851_B05_60m</IMAGE_FILE>
                        <IMAGE_FILE>GRANULE/L2A_T15TVG_A046584_20240523T172147/IMG_DATA/R60m/T15TVG_20240523T170851_B06_60m</IMAGE_FILE>
                        <IMAGE_FILE>GRANULE/L2A_T15TVG_A046584_20240523T172147/IMG_DATA/R60m/T15TVG_20240523T170851_B07_60m</IMAGE_FILE>
                        <IMAGE_FILE>GRANULE/L2A_T15TVG_A046584_20240523T172147/IMG_DATA/R60m/T15TVG_20240523T170851_B8A_60m</IMAGE_FILE>
                        <IMAGE_FILE>GRANULE/L2A_T15TVG_A046584_20240523T172147/IMG_DATA/R60m/T15TVG_20240523T170851_B09_60m</IMAGE_FILE>
                        <IMAGE_FILE>GRANULE/L2A_T15TVG_A046584_20240523T172147/IMG_DATA/R60m/T15TVG_20240523T170851_B11_60m</IMAGE_FILE>
                        <IMAGE_FILE>GRANULE/L2A_T15TVG_A046584_20240523T172147/IMG_DATA/R60m/T15TVG_20240523T170851_B12_60m</IMAGE_FILE>
                        <IMAGE_FILE>GRANULE/L2A_T15TVG_A046584_20240523T172147/IMG_DATA/R60m/T15TVG_20240523T170851_TCI_60m</IMAGE_FILE>
                        <IMAGE_FILE>GRANULE/L2A_T15TVG_A046584_20240523T172147/IMG_DATA/R60m/T15TVG_20240523T170851_AOT_60m</IMAGE_FILE>
                        <IMAGE_FILE>GRANULE/L2A_T15TVG_A046584_20240523T172147/IMG_DATA/R60m/T15TVG_20240523T170851_WVP_60m</IMAGE_FILE>
                        <IMAGE_FILE>GRANULE/L2A_T15TVG_A046584_20240523T172147/IMG_DATA/R60m/T15TVG_20240523T170851_SCL_60m</IMAGE_FILE>
                    </Granule>
                </Granule_List>
</Product_Organisation>
        </Product_Info>
        <Product_Image_Characteristics>
            <Special_Values>
                <SPECIAL_VALUE_TEXT>NODATA</SPECIAL_VALUE_TEXT>
                <SPECIAL_VALUE_INDEX>0</SPECIAL_VALUE_INDEX>
            </Special_Values>
            <Special_Values>
                <SPECIAL_VALUE_TEXT>SATURATED</SPECIAL_VALUE_TEXT>
                <SPECIAL_VALUE_INDEX>65535</SPECIAL_VALUE_INDEX>
            </Special_Values>
            <Image_Display_Order>
                <RED_CHANNEL>3</RED_CHANNEL>
                <GREEN_CHANNEL>2</GREEN_CHANNEL>
                <BLUE_CHANNEL>1</BLUE_CHANNEL>
            </Image_Display_Order>
            <QUANTIFICATION_VALUES_LIST>
                <BOA_QUANTIFICATION_VALUE unit="none">10000</BOA_QUANTIFICATION_VALUE>
                <AOT_QUANTIFICATION_VALUE unit="none">1000.0</AOT_QUANTIFICATION_VALUE>
                <WVP_QUANTIFICATION_VALUE unit="cm">1000.0</WVP_QUANTIFICATION_VALUE>
            </QUANTIFICATION_VALUES_LIST>
            <BOA_ADD_OFFSET_VALUES_LIST>
        <BOA_ADD_OFFSET band_id="0">-1000</BOA_ADD_OFFSET>
        <BOA_ADD_OFFSET band_id="1">-1000</BOA_ADD_OFFSET>
        <BOA_ADD_OFFSET band_id="2">-1000</BOA_ADD_OFFSET>
        <BOA_ADD_OFFSET band_id="3">-1000</BOA_ADD_OFFSET>
        <BOA_ADD_OFFSET band_id="4">-1000</BOA_ADD_OFFSET>
        <BOA_ADD_OFFSET band_id="5">-1000</BOA_ADD_OFFSET>
        <BOA_ADD_OFFSET band_id="6">-1000</BOA_ADD_OFFSET>
        <BOA_ADD_OFFSET band_id="7">-1000</BOA_ADD_OFFSET>
        <BOA_ADD_OFFSET band_id="8">-1000</BOA_ADD_OFFSET>
        <BOA_ADD_OFFSET band_id="9">-1000</BOA_ADD_OFFSET>
        <BOA_ADD_OFFSET band_id="10">-1000</BOA_ADD_OFFSET>
        <BOA_ADD_OFFSET band_id="11">-1000</BOA_ADD_OFFSET>
        <BOA_ADD_OFFSET band_id="12">-1000</BOA_ADD_OFFSET>
      </BOA_ADD_OFFSET_VALUES_LIST>
            <Reflectance_Conversion>
        <U>0.976785935105722</U>
        <Solar_Irradiance_List>
          <SOLAR_IRRADIANCE bandId="0" unit="W/m²/µm">1884.69</SOLAR_IRRADIANCE>
          <SOLAR_IRRADIANCE bandId="1" unit="W/m²/µm">1959.66</SOLAR_IRRADIANCE>
          <SOLAR_IRRADIANCE bandId="2" unit="W/m²/µm">1823.24</SOLAR_IRRADIANCE>
          <SOLAR_IRRADIANCE bandId="3" unit="W/m²/µm">1512.06</SOLAR_IRRADIANCE>
          <SOLAR_IRRADIANCE bandId="4" unit="W/m²/µm">1424.64</SOLAR_IRRADIANCE>
          <SOLAR_IRRADIANCE bandId="5" unit="W/m²/µm">1287.61</SOLAR_IRRADIANCE>
          <SOLAR_IRRADIANCE bandId="6" unit="W/m²/µm">1162.08</SOLAR_IRRADIANCE>
          <SOLAR_IRRADIANCE bandId="7" unit="W/m²/µm">1041.63</SOLAR_IRRADIANCE>
          <SOLAR_IRRADIANCE bandId="8" unit="W/m²/µm">955.32</SOLAR_IRRADIANCE>
          <SOLAR_IRRADIANCE bandId="9" unit="W/m²/µm">812.92</SOLAR_IRRADIANCE>
          <SOLAR_IRRADIANCE bandId="10" unit="W/m²/µm">367.15</SOLAR_IRRADIANCE>
          <SOLAR_IRRADIANCE bandId="11" unit="W/m²/µm">245.59</SOLAR_IRRADIANCE>
          <SOLAR_IRRADIANCE bandId="12" unit="W/m²/µm">85.25</SOLAR_IRRADIANCE>
        </Solar_Irradiance_List>
      </Reflectance_Conversion>
            <Spectral_Information_List>
        <Spectral_Information bandId="0" physicalBand="B1">
          <RESOLUTION>60</RESOLUTION>
          <Wavelength>
            <MIN unit="nm">412</MIN>
            <MAX unit="nm">456</MAX>
            <CENTRAL unit="nm">442.7</CENTRAL>
          </Wavelength>
          <Spectral_Response>
            <STEP unit="nm">1</STEP>
            <VALUES>0.001775742 0.004073061 0.003626143 0.003515199 0.005729163 0.003780292 0.002636732 0.001262113 0.001987583 0.001368913 0.001250444 0.000463454 0.000814293 0.001376431 0.001485086 0.001823735 0.001626817 0.004392062 0.029008099 0.11874593 0.32387506 0.57281921 0.71472749 0.76196778 0.78929702 0.80862387 0.81089382 0.82419876 0.85415811 0.87079088 0.88731097 0.92619924 0.98228149 1 0.9752382 0.93596338 0.88997148 0.85021048 0.82569453 0.78390239 0.61417422 0.33007109 0.12410831 0.04365694 0.014749595</VALUES>
          </Spectral_Response>
        </Spectral_Information>
        <Spectral_Information bandId="1" physicalBand="B2">
          <RESOLUTION>10</RESOLUTION>
          <Wavelength>
            <MIN unit="nm">456</MIN>
            <MAX unit="nm">533</MAX>
            <CENTRAL unit="nm">492.7</CENTRAL>
          </Wavelength>
          <Spectral_Response>
            <STEP unit="nm">1</STEP>
            <VALUES>0.04255531 0.0722983 0.15374322 0.32799225 0.55336788 0.71011166 0.75285179 0.75232691 0.75668081 0.76326948 0.76239425 0.7852515 0.81546669 0.86179176 0.89282599 0.9195221 0.91900649 0.91315754 0.90035366 0.88989693 0.8823246 0.87606118 0.88429987 0.90695544 0.93232085 0.93947252 0.94383543 0.92204086 0.8860231 0.84743609 0.81251687 0.7823971 0.7731087 0.77209054 0.78742652 0.81217177 0.84605052 0.88767996 0.92793997 0.95069235 0.96573311 0.96938253 0.96570294 0.95832003 0.95405064 0.95178268 0.95699722 0.96556515 0.9770514 0.97709574 0.97436606 0.95903183 0.93506318 0.90190134 0.87165792 0.84402444 0.82280852 0.81536043 0.82057639 0.8395149 0.86992171 0.91526205 0.96067028 0.99163699 1 0.98356097 0.91130763 0.74018256 0.50395858 0.3050155 0.18004605 0.10738342 0.06593592 0.04207746 0.02662129 0.0143396 0.00265779 0.00081822</VALUES>
          </Spectral_Response>
        </Spectral_Information>
        <Spectral_Information bandId="2" physicalBand="B3">
          <RESOLUTION>10</RESOLUTION>
          <Wavelength>
            <MIN unit="nm">538</MIN>
            <MAX unit="nm">583</MAX>
            <CENTRAL unit="nm">559.8</CENTRAL>
          </Wavelength>
          <Spectral_Response>
            <STEP unit="nm">1</STEP>
            <VALUES>0.01448181 0.03422251 0.07346335 0.15444843 0.31661425 0.55322279 0.74859406 0.84890306 0.89772216 0.9215368 0.92572845 0.91122688 0.88818924 0.86523756 0.84718187 0.8387572 0.84459081 0.86219653 0.88838714 0.92443236 0.96017974 0.98685516 1 0.9986008 0.98076472 0.94522089 0.8981778 0.85580323 0.81841734 0.78862048 0.76460653 0.74963745 0.75055111 0.76137888 0.78244479 0.79890086 0.81016957 0.81408886 0.77358596 0.62881065 0.40397555 0.21542098 0.10715281 0.04792877 0.01848693 0.00108588</VALUES>
          </Spectral_Response>
        </Spectral_Information>
        <Spectral_Information bandId="3" physicalBand="B4">
          <RESOLUTION>10</RESOLUTION>
          <Wavelength>
            <MIN unit="nm">646</MIN>
            <MAX unit="nm">684</MAX>
            <CENTRAL unit="nm">664.6</CENTRAL>
          </Wavelength>
          <Spectral_Response>
            <STEP unit="nm">1</STEP>
            <VALUES>0.00141521 0.02590238 0.11651178 0.39088616 0.74959342 0.94485805 0.98011173 0.99406309 1 0.99545475 0.99052772 0.97733476 0.94055988 0.87894956 0.81629384 0.77345952 0.75448766 0.75991531 0.7826343 0.8101689 0.83612975 0.86125424 0.88609106 0.91138767 0.93405146 0.95042063 0.9592573 0.96039555 0.95913395 0.95809013 0.95527459 0.94376465 0.89490799 0.74426308 0.476777 0.22960399 0.08009118 0.02617076 0.00415242</VALUES>
          </Spectral_Response>
        </Spectral_Information>
        <Spectral_Information bandId="4" physicalBand="B5">
          <RESOLUTION>20</RESOLUTION>
          <Wavelength>
            <MIN unit="nm">695</MIN>
            <MAX unit="nm">714</MAX>
            <CENTRAL unit="nm">704.1</CENTRAL>
          </Wavelength>
          <Spectral_Response>
            <STEP unit="nm">1</STEP>
            <VALUES>0.02835786 0.12369337 0.39378774 0.76113071 0.97108502 0.99889523 1 0.99412258 0.98321789 0.96704093 0.94847389 0.92714833 0.90372458 0.88614713 0.86723745 0.79075319 0.58840332 0.26334833 0.05675422 0.00618833</VALUES>
          </Spectral_Response>
        </Spectral_Information>
        <Spectral_Information bandId="5" physicalBand="B6">
          <RESOLUTION>20</RESOLUTION>
          <Wavelength>
            <MIN unit="nm">731</MIN>
            <MAX unit="nm">749</MAX>
            <CENTRAL unit="nm">740.5</CENTRAL>
          </Wavelength>
          <Spectral_Response>
            <STEP unit="nm">1</STEP>
            <VALUES>0.00171088 0.05467153 0.25806676 0.64722098 0.89218999 0.90232877 0.91508768 0.94115846 0.96299993 0.97510481 0.9770217 0.98736251 1 0.98880277 0.97179916 0.90126739 0.60672391 0.20520227 0.0267569</VALUES>
          </Spectral_Response>
        </Spectral_Information>
        <Spectral_Information bandId="6" physicalBand="B7">
          <RESOLUTION>20</RESOLUTION>
          <Wavelength>
            <MIN unit="nm">769</MIN>
            <MAX unit="nm">797</MAX>
            <CENTRAL unit="nm">782.8</CENTRAL>
          </Wavelength>
          <Spectral_Response>
            <STEP unit="nm">1</STEP>
            <VALUES>0.00045899 0.0117201 0.05219715 0.16561733 0.36903355 0.63685453 0.86119638 0.97002897 0.99119602 0.99897921 1 0.97725155 0.92572385 0.86605804 0.81969611 0.79407674 0.79111029 0.80431552 0.81902721 0.82571292 0.82011829 0.79222195 0.72054559 0.58767794 0.41430355 0.23088817 0.09850282 0.02736551 0.00516235</VALUES>
          </Spectral_Response>
        </Spectral_Information>
        <Spectral_Information bandId="7" physicalBand="B8">
          <RESOLUTION>10</RESOLUTION>
          <Wavelength>
            <MIN unit="nm">760</MIN>
            <MAX unit="nm">907</MAX>
            <CENTRAL unit="nm">832.8</CENTRAL>
          </Wavelength>
          <Spectral_Response>
            <STEP unit="nm">1</STEP>
            <VALUES>0.00067259 0.00388856 0 0 0 0 0 0 0 0 0 0 0 0.00028956 0.00702964 0.01752391 0.03231111 0.05328661 0.08299885 0.12748502 0.19591065 0.30246323 0.43553954 0.57141637 0.69766701 0.80303852 0.89115744 0.95284584 0.98894161 1 0.98840653 0.96389216 0.94207967 0.93694643 0.94227343 0.95395718 0.96828896 0.97966549 0.9854444 0.98592681 0.98391181 0.97793903 0.97722771 0.97810609 0.98144486 0.98764558 0.98857708 0.9862422 0.98070921 0.97078624 0.95721089 0.93865821 0.91672388 0.89620759 0.872888 0.85160331 0.8246394 0.80078117 0.7823386 0.76360274 0.74962771 0.7387221 0.73079407 0.72271237 0.72507708 0.72563856 0.72304217 0.72229211 0.71616364 0.71159446 0.70826954 0.70157205 0.69924532 0.70093762 0.70692733 0.71824001 0.73124634 0.7484061 0.76818541 0.78394807 0.7968381 0.80260206 0.8045194 0.80240918 0.79699072 0.78920304 0.77691621 0.76518406 0.75119717 0.73700357 0.72262399 0.70412578 0.68410805 0.66474528 0.64736891 0.63005125 0.61564222 0.60249557 0.58988992 0.57993399 0.57136506 0.56094242 0.55235105 0.54568236 0.53958052 0.53510215 0.53093675 0.53016508 0.52984662 0.53036682 0.53211463 0.53271918 0.53246806 0.53331158 0.5319278 0.53051055 0.52951499 0.52996848 0.53253373 0.53705085 0.54235344 0.54912497 0.55523055 0.56011135 0.55767999 0.54821984 0.53144613 0.50763528 0.47811224 0.45092793 0.42798466 0.41051405 0.40039139 0.40087302 0.40829375 0.42086556 0.43007022 0.42456692 0.39136817 0.33009008 0.25720509 0.18189031 0.11650668 0.07031579 0.04275381 0.02593154 0.01574394 0.00394326</VALUES>
          </Spectral_Response>
        </Spectral_Information>
        <Spectral_Information bandId="8" physicalBand="B8A">
          <RESOLUTION>20</RESOLUTION>
          <Wavelength>
            <MIN unit="nm">837</MIN>
            <MAX unit="nm">881</MAX>
            <CENTRAL unit="nm">864.7</CENTRAL>
          </Wavelength>
          <Spectral_Response>
            <STEP unit="nm">1</STEP>
            <VALUES>0.00030097 0 0 0 0 0 0 0 0 0 0.00157217 0.00249886 0.01332037 0.02614866 0.05260479 0.10779709 0.22160755 0.39721628 0.60986885 0.81658883 0.9322445 0.97210033 0.97545482 0.97538048 0.97328205 0.97607828 0.98034955 0.98690928 0.99087465 0.99741818 0.99984673 0.99939141 0.99587928 0.99541228 1 0.99640762 0.92359433 0.74137684 0.48965971 0.25020643 0.11221246 0.04755984 0.02297815 0.01061438 0.00108149</VALUES>
          </Spectral_Response>
        </Spectral_Information>
        <Spectral_Information bandId="9" physicalBand="B9">
          <RESOLUTION>60</RESOLUTION>
          <Wavelength>
            <MIN unit="nm">932</MIN>
            <MAX unit="nm">958</MAX>
            <CENTRAL unit="nm">945.1</CENTRAL>
          </Wavelength>
          <Spectral_Response>
            <STEP unit="nm">1</STEP>
            <VALUES>0.01662953 0.06111857 0.17407094 0.38946454 0.6645915 0.87454114 0.93695988 0.96751014 0.9893391 0.9951269 1 0.97845762 0.98069118 0.9922335 0.98798379 0.99428313 0.98348041 0.97820013 0.95023367 0.95299604 0.92240308 0.85573828 0.70970227 0.46429542 0.21538427 0.06534121 0.01625596</VALUES>
          </Spectral_Response>
        </Spectral_Information>
        <Spectral_Information bandId="10" physicalBand="B10">
          <RESOLUTION>60</RESOLUTION>
          <Wavelength>
            <MIN unit="nm">1337</MIN>
            <MAX unit="nm">1412</MAX>
            <CENTRAL unit="nm">1373.5</CENTRAL>
          </Wavelength>
          <Spectral_Response>
            <STEP unit="nm">1</STEP>
            <VALUES>0.00024052 5.404e-05 3.052e-05 2.872e-05 7.632e-05 0.00010949 8.804e-05 0.00012356 0.00017424 0.0003317 0.00036891 0.0004467 0.00065919 0.0010913 0.00196903 0.00373668 0.00801754 0.01884719 0.04466732 0.10165546 0.20111776 0.34284841 0.50710992 0.6632068 0.78377143 0.86153862 0.91000261 0.94193255 0.96182259 0.97365119 0.98169786 0.98795826 0.99283342 0.99649788 0.99906011 1 0.99907734 0.99601604 0.9909083 0.98479854 0.97802142 0.97030114 0.96080954 0.94849765 0.93314108 0.91482336 0.8937997 0.86825426 0.83023193 0.76384193 0.65440009 0.50671604 0.35014737 0.21799972 0.12643091 0.06768988 0.0322709 0.013544 0.00544557 0.00237642 0.00111267 0.00053796 0.0003457 0.00017488 0.00021619 0.00019479 0.00010421 5.919e-05 5.109e-05 6.115e-05 5.527e-05 3.856e-05 3.147e-05 0.00012289 0.0001089 2.502e-05</VALUES>
          </Spectral_Response>
        </Spectral_Information>
        <Spectral_Information bandId="11" physicalBand="B11">
          <RESOLUTION>20</RESOLUTION>
          <Wavelength>
            <MIN unit="nm">1539</MIN>
            <MAX unit="nm">1682</MAX>
            <CENTRAL unit="nm">1613.7</CENTRAL>
          </Wavelength>
          <Spectral_Response>
            <STEP unit="nm">1</STEP>
            <VALUES>6.79e-06 6.66e-06 8e-06 2.734e-05 3.685e-05 8.851e-05 0.00014522 0.00024812 0.00047627 0.00056335 0.00065326 0.00089835 0.00114664 0.00165604 0.00241611 0.00350246 0.00524274 0.0081538 0.01237062 0.0186097 0.02721853 0.03879155 0.05379167 0.07353187 0.09932758 0.1334178 0.18029249 0.24484994 0.32834511 0.42749961 0.53576798 0.64570396 0.74245998 0.81447017 0.85866596 0.87924777 0.88665266 0.888727 0.89105732 0.89725046 0.90632982 0.91627527 0.9263751 0.93515828 0.94226446 0.94739906 0.95131987 0.95416808 0.95635128 0.95813297 0.96062738 0.96344083 0.96577764 0.96818134 0.97104025 0.97343195 0.97597444 0.97865413 0.97994672 0.98064126 0.98094979 0.98143338 0.98123856 0.98068083 0.98033995 0.98101894 0.98268503 0.98507875 0.98777658 0.9903608 0.99202087 0.9933069 0.99256744 0.99044883 0.98717314 0.98353656 0.9800432 0.97617287 0.97253451 0.96977033 0.96762556 0.9662626 0.96572411 0.96592079 0.96729798 0.96975438 0.97337748 0.97862858 0.98345358 0.98765317 0.9919238 0.99554959 0.99767411 0.99866451 0.99941783 0.99930984 0.99885298 0.99913515 0.99973164 0.99973592 1 0.9998438 0.9967639 0.99175576 0.9859206 0.97887302 0.97029262 0.96135891 0.95379752 0.94709017 0.94228614 0.93919512 0.93616637 0.92889205 0.9129921 0.88158383 0.82602164 0.74412949 0.64281662 0.53483955 0.42772166 0.32439525 0.23488131 0.16445229 0.11056237 0.07271886 0.04634859 0.02949618 0.01941871 0.0133487 0.00934594 0.00654231 0.00487921 0.00341903 0.00249864 0.00196431 0.00142754 0.00105878 0.00049978 0.00022833 0.00015999 3.415e-05 4.517e-05 1.313e-05</VALUES>
          </Spectral_Response>
        </Spectral_Information>
        <Spectral_Information bandId="12" physicalBand="B12">
          <RESOLUTION>20</RESOLUTION>
          <Wavelength>
            <MIN unit="nm">2078</MIN>
            <MAX unit="nm">2320</MAX>
            <CENTRAL unit="nm">2202.4</CENTRAL>
          </Wavelength>
          <Spectral_Response>
            <STEP unit="nm">1</STEP>
            <VALUES>0.00063835 0.00102286 0.00288712 0.00399879 0.00658916 0.00765458 0.00799918 0.00853524 0.00929493 0.00999614 0.01096645 0.01208363 0.01335837 0.01501119 0.01711931 0.01977307 0.02332743 0.02765779 0.03320435 0.04020464 0.04886709 0.0596238 0.07315348 0.09050885 0.11143964 0.13686671 0.16776886 0.20341457 0.24281992 0.28484195 0.32711894 0.36834301 0.40794043 0.4447145 0.47647207 0.50303896 0.52524762 0.54328057 0.55717994 0.5685619 0.57895708 0.58860881 0.59881758 0.60990899 0.62128986 0.63421311 0.64847648 0.66363778 0.67997936 0.69609688 0.71189957 0.7269499 0.74124079 0.75734734 0.77201504 0.78552587 0.79818641 0.80962939 0.81965718 0.82855741 0.83668178 0.84440292 0.85106862 0.85321701 0.85471321 0.8561428 0.85778963 0.8594989 0.86142876 0.86322831 0.86511218 0.8672932 0.86967076 0.87427502 0.87856212 0.88241466 0.88590611 0.8894516 0.89320419 0.8966738 0.89987484 0.90257636 0.90481219 0.90550545 0.90564491 0.90548208 0.90513822 0.90476379 0.90406427 0.90332978 0.90274309 0.90235795 0.90196488 0.90340528 0.90429478 0.90529761 0.90642862 0.90807348 0.91010493 0.91293181 0.91556686 0.91842631 0.92128288 0.92431702 0.92719913 0.92972159 0.93190455 0.93412538 0.93588954 0.93707083 0.93762594 0.93828534 0.93763643 0.94042634 0.94250397 0.94324531 0.94301861 0.94210283 0.94061808 0.93841726 0.93665003 0.93524569 0.93301102 0.92686708 0.92104485 0.91547175 0.91100989 0.90828339 0.9072733 0.90817907 0.91115631 0.91617845 0.92284525 0.92059829 0.91947472 0.91947973 0.92126575 0.92451632 0.92772589 0.93196884 0.93676408 0.94147739 0.94679545 0.95119533 0.95443018 0.95704142 0.95972628 0.9625372 0.96485326 0.96603599 0.96664138 0.96630455 0.96545713 0.96484036 0.96365512 0.96169531 0.95944859 0.95732078 0.95513625 0.95355574 0.95273072 0.95217795 0.95172542 0.9521403 0.95263595 0.95405248 0.95707559 0.96063594 0.96421772 0.96830187 0.97268597 0.97741944 0.98289489 0.9871429 0.99073348 0.99398244 0.99678431 0.99875181 1 0.9999284 0.9991523 0.99712951 0.99388228 0.98968273 0.98373274 0.97621057 0.96780985 0.95833495 0.94842856 0.93818752 0.9277078 0.91702104 0.90597951 0.89384371 0.88165575 0.86861704 0.85460324 0.84058628 0.82598123 0.80948042 0.79182917 0.7724052 0.74907137 0.72031195 0.68815487 0.65125598 0.6100244 0.56600904 0.52095058 0.47464344 0.42924778 0.38584718 0.34208462 0.30067509 0.26317221 0.22770037 0.19571781 0.16808736 0.14467686 0.12482737 0.10823403 0.09439655 0.08235799 0.07149445 0.0626855 0.05498009 0.04818852 0.04285814 0.03859244 0.03494044 0.03199172 0.02958044 0.02741084 0.02556884 0.02395058 0.02166741 0.0191457 0.01632139 0.0109837 0.00736032 0.00649061 0.00469736 0.00205874</VALUES>
          </Spectral_Response>
        </Spectral_Information>
      </Spectral_Information_List>
            <PHYSICAL_GAINS bandId="0">4.10065257</PHYSICAL_GAINS>
            <PHYSICAL_GAINS bandId="1">3.75651945</PHYSICAL_GAINS>
            <PHYSICAL_GAINS bandId="2">4.18920172</PHYSICAL_GAINS>
            <PHYSICAL_GAINS bandId="3">4.52419374</PHYSICAL_GAINS>
            <PHYSICAL_GAINS bandId="4">5.20849793</PHYSICAL_GAINS>
            <PHYSICAL_GAINS bandId="5">4.87497694</PHYSICAL_GAINS>
            <PHYSICAL_GAINS bandId="6">4.53714981</PHYSICAL_GAINS>
            <PHYSICAL_GAINS bandId="7">6.16476968</PHYSICAL_GAINS>
            <PHYSICAL_GAINS bandId="8">5.13982154</PHYSICAL_GAINS>
            <PHYSICAL_GAINS bandId="9">8.54363637</PHYSICAL_GAINS>
            <PHYSICAL_GAINS bandId="10">55.09742187</PHYSICAL_GAINS>
            <PHYSICAL_GAINS bandId="11">35.28626017</PHYSICAL_GAINS>
            <PHYSICAL_GAINS bandId="12">106.37271855</PHYSICAL_GAINS>
            <REFERENCE_BAND>3</REFERENCE_BAND>
            <Scene_Classification_List>
                <Scene_Classification_ID>
                    <SCENE_CLASSIFICATION_TEXT>SC_NODATA</SCENE_CLASSIFICATION_TEXT>
                    <SCENE_CLASSIFICATION_INDEX>0</SCENE_CLASSIFICATION_INDEX>
                </Scene_Classification_ID>
                <Scene_Classification_ID>
                    <SCENE_CLASSIFICATION_TEXT>SC_SATURATED_DEFECTIVE</SCENE_CLASSIFICATION_TEXT>
                    <SCENE_CLASSIFICATION_INDEX>1</SCENE_CLASSIFICATION_INDEX>
                </Scene_Classification_ID>
                <Scene_Classification_ID>
                    <SCENE_CLASSIFICATION_TEXT>SC_DARK_FEATURE_SHADOW</SCENE_CLASSIFICATION_TEXT>
                    <SCENE_CLASSIFICATION_INDEX>2</SCENE_CLASSIFICATION_INDEX>
                </Scene_Classification_ID>
                <Scene_Classification_ID>
                    <SCENE_CLASSIFICATION_TEXT>SC_CLOUD_SHADOW</SCENE_CLASSIFICATION_TEXT>
                    <SCENE_CLASSIFICATION_INDEX>3</SCENE_CLASSIFICATION_INDEX>
                </Scene_Classification_ID>
                <Scene_Classification_ID>
                    <SCENE_CLASSIFICATION_TEXT>SC_VEGETATION</SCENE_CLASSIFICATION_TEXT>
                    <SCENE_CLASSIFICATION_INDEX>4</SCENE_CLASSIFICATION_INDEX>
                </Scene_Classification_ID>
                <Scene_Classification_ID>
                    <SCENE_CLASSIFICATION_TEXT>SC_NOT_VEGETATED</SCENE_CLASSIFICATION_TEXT>
                    <SCENE_CLASSIFICATION_INDEX>5</SCENE_CLASSIFICATION_INDEX>
                </Scene_Classification_ID>
                <Scene_Classification_ID>
                    <SCENE_CLASSIFICATION_TEXT>SC_WATER</SCENE_CLASSIFICATION_TEXT>
                    <SCENE_CLASSIFICATION_INDEX>6</SCENE_CLASSIFICATION_INDEX>
                </Scene_Classification_ID>
                <Scene_Classification_ID>
                    <SCENE_CLASSIFICATION_TEXT>SC_UNCLASSIFIED</SCENE_CLASSIFICATION_TEXT>
                    <SCENE_CLASSIFICATION_INDEX>7</SCENE_CLASSIFICATION_INDEX>
                </Scene_Classification_ID>
                <Scene_Classification_ID>
                    <SCENE_CLASSIFICATION_TEXT>SC_CLOUD_MEDIUM_PROBA</SCENE_CLASSIFICATION_TEXT>
                    <SCENE_CLASSIFICATION_INDEX>8</SCENE_CLASSIFICATION_INDEX>
                </Scene_Classification_ID>
                <Scene_Classification_ID>
                    <SCENE_CLASSIFICATION_TEXT>SC_CLOUD_HIGH_PROBA</SCENE_CLASSIFICATION_TEXT>
                    <SCENE_CLASSIFICATION_INDEX>9</SCENE_CLASSIFICATION_INDEX>
                </Scene_Classification_ID>
                <Scene_Classification_ID>
                    <SCENE_CLASSIFICATION_TEXT>SC_THIN_CIRRUS</SCENE_CLASSIFICATION_TEXT>
                    <SCENE_CLASSIFICATION_INDEX>10</SCENE_CLASSIFICATION_INDEX>
                </Scene_Classification_ID>
                <Scene_Classification_ID>
                    <SCENE_CLASSIFICATION_TEXT>SC_SNOW_ICE</SCENE_CLASSIFICATION_TEXT>
                    <SCENE_CLASSIFICATION_INDEX>11</SCENE_CLASSIFICATION_INDEX>
                </Scene_Classification_ID>
            </Scene_Classification_List>
        </Product_Image_Characteristics>
    </n1:General_Info>
    <n1:Geometric_Info>
        <Product_Footprint>
            <Product_Footprint>
                <Global_Footprint>
                    <EXT_POS_LIST>42.450904620144016 -93.24153935022503 42.38593200244536 -93.26622184383754 42.24007188818222 -93.32146019186038 42.094229239649984 -93.37635045966984 41.94837674487064 -93.43099220753034 41.80242581126345 -93.48545241105992 41.65640790084045 -93.53988245324636 41.51028246449943 -93.59410464637406 41.460264698726135 -93.61265883829628 41.4575152063026 -94.19782479530706 42.44623570214159 -94.2164833149824 42.450904620144016 -93.24153935022503 </EXT_POS_LIST>
                </Global_Footprint>
            </Product_Footprint>
            <RASTER_CS_TYPE>POINT</RASTER_CS_TYPE>
            <PIXEL_ORIGIN>1</PIXEL_ORIGIN>
        </Product_Footprint>
        <Coordinate_Reference_System>
            <GEO_TABLES version="1">EPSG</GEO_TABLES>
            <HORIZONTAL_CS_TYPE>GEOGRAPHIC</HORIZONTAL_CS_TYPE>
        </Coordinate_Reference_System>
    </n1:Geometric_Info>
    <n1:Auxiliary_Data_Info>
        <GIPP_List>
      <GIPP_FILENAME type="GIP_INVLOC" version="0006">S2A_OPER_GIP_INVLOC_MPC__20171206T000000_V20150703T000000_21000101T000000_B00</GIPP_FILENAME>
      <GIPP_FILENAME type="GIP_LREXTR" version="0001">S2A_OPER_GIP_LREXTR_MPC__20150605T094736_V20150622T000000_21000101T000000_B00</GIPP_FILENAME>
      <GIPP_FILENAME type="GIP_ATMIMA" version="0002">S2A_OPER_GIP_ATMIMA_MPC__20150605T094744_V20150622T000000_21000101T000000_B00</GIPP_FILENAME>
      <GIPP_FILENAME type="GIP_ATMSAD" version="0005">S2A_OPER_GIP_ATMSAD_MPC__20160729T000005_V20150703T000000_21000101T000000_B00</GIPP_FILENAME>
      <GIPP_FILENAME type="GIP_BLINDP" version="0003">S2A_OPER_GIP_BLINDP_MPC__20150605T094736_V20150622T000000_21000101T000000_B00</GIPP_FILENAME>
      <GIPP_FILENAME type="GIP_CLOINV" version="0005">S2A_OPER_GIP_CLOINV_MPC__20210609T000005_V20210823T030000_21000101T000000_B00</GIPP_FILENAME>
      <GIPP_FILENAME type="GIP_CLOPAR" version="0001">S2A_OPER_GIP_CLOPAR_MPC__20220120T000001_V20220125T022000_21000101T000000_B00</GIPP_FILENAME>
      <GIPP_FILENAME type="GIP_CONVER" version="999">S2A_OPER_GIP_CONVER_MPC__20150710T131444_V20150627T000000_21000101T000000_B00</GIPP_FILENAME>
      <GIPP_FILENAME type="GIP_DATATI" version="0007">S2A_OPER_GIP_DATATI_MPC__20151117T131048_V20150703T000000_21000101T000000_B00</GIPP_FILENAME>
      <GIPP_FILENAME type="GIP_DECOMP" version="0000">S2A_OPER_GIP_DECOMP_MPC__20121031T075922_V19830101T000000_21000101T000000_B00</GIPP_FILENAME>
      <GIPP_FILENAME type="GIP_EARMOD" version="0001">S2__OPER_GIP_EARMOD_MPC__20150605T094736_V20150622T000000_21000101T000000_B00</GIPP_FILENAME>
      <GIPP_FILENAME type="GIP_ECMWFP" version="0002">S2A_OPER_GIP_ECMWFP_MPC__20121031T075922_V19830101T000000_21000101T000000_B00</GIPP_FILENAME>
      <GIPP_FILENAME type="GIP_G2PARA" version="0027">S2A_OPER_GIP_G2PARA_MPC__20231208T000027_V20231213T070000_21000101T000000_B00</GIPP_FILENAME>
      <GIPP_FILENAME type="GIP_G2PARE" version="0002">S2A_OPER_GIP_G2PARE_MPC__20150605T094736_V20150622T000000_21000101T000000_B00</GIPP_FILENAME>
      <GIPP_FILENAME type="GIP_GEOPAR" version="0003">S2A_OPER_GIP_GEOPAR_MPC__20150605T094741_V20150622T000000_21000101T000000_B00</GIPP_FILENAME>
      <GIPP_FILENAME type="GIP_INTDET" version="0010">S2A_OPER_GIP_INTDET_MPC__20220120T000010_V20220125T022000_21000101T000000_B00</GIPP_FILENAME>
      <GIPP_FILENAME type="GIP_JP2KPA" version="0006">S2A_OPER_GIP_JP2KPA_MPC__20220120T000006_V20220125T022000_21000101T000000_B00</GIPP_FILENAME>
      <GIPP_FILENAME type="GIP_MASPAR" version="0009">S2A_OPER_GIP_MASPAR_MPC__20220120T000009_V20220125T022000_21000101T000000_B00</GIPP_FILENAME>
      <GIPP_FILENAME type="GIP_OLQCPA" version="0000">S2A_OPER_GIP_OLQCPA_MPC__20220715T000042_V20220830T002500_21000101T000000_B00</GIPP_FILENAME>
      <GIPP_FILENAME type="GIP_PRDLOC" version="0012">S2A_OPER_GIP_PRDLOC_MPC__20180301T130000_V20180305T005000_21000101T000000_B00</GIPP_FILENAME>
      <GIPP_FILENAME type="GIP_PROBAS" version="0510">S2A_OPER_GIP_PROBAS_MPC__20240305T000510_V20150622T000000_21000101T000000_B00</GIPP_FILENAME>
      <GIPP_FILENAME type="GIP_R2ABCA" version="0243">S2A_OPER_GIP_R2ABCA_MPC__20240416T103800_V20240417T000000_21000101T000000_B00</GIPP_FILENAME>
      <GIPP_FILENAME type="GIP_R2BINN" version="0003">S2A_OPER_GIP_R2BINN_MPC__20150605T094803_V20150622T000000_21000101T000000_B00</GIPP_FILENAME>
      <GIPP_FILENAME type="GIP_R2CRCO" version="0003">S2A_OPER_GIP_R2CRCO_MPC__20151023T224715_V20150622T224715_21000101T000000_B00</GIPP_FILENAME>
      <GIPP_FILENAME type="GIP_R2DECT" version="0003">S2A_OPER_GIP_R2DECT_MPC__20150605T094742_V20150622T000000_21000101T000000_B12</GIPP_FILENAME>
      <GIPP_FILENAME type="GIP_R2DECT" version="0003">S2A_OPER_GIP_R2DECT_MPC__20150605T094742_V20150622T000000_21000101T000000_B10</GIPP_FILENAME>
      <GIPP_FILENAME type="GIP_R2DECT" version="0003">S2A_OPER_GIP_R2DECT_MPC__20150605T094741_V20150622T000000_21000101T000000_B03</GIPP_FILENAME>
      <GIPP_FILENAME type="GIP_R2DECT" version="0003">S2A_OPER_GIP_R2DECT_MPC__20150605T094741_V20150622T000000_21000101T000000_B04</GIPP_FILENAME>
      <GIPP_FILENAME type="GIP_R2DECT" version="0003">S2A_OPER_GIP_R2DECT_MPC__20150605T094741_V20150622T000000_21000101T000000_B05</GIPP_FILENAME>
      <GIPP_FILENAME type="GIP_R2DECT" version="0003">S2A_OPER_GIP_R2DECT_MPC__20150605T094741_V20150622T000000_21000101T000000_B08</GIPP_FILENAME>
      <GIPP_FILENAME type="GIP_R2DECT" version="0003">S2A_OPER_GIP_R2DECT_MPC__20150605T094741_V20150622T000000_21000101T000000_B06</GIPP_FILENAME>
      <GIPP_FILENAME type="GIP_R2DECT" version="0003">S2A_OPER_GIP_R2DECT_MPC__20150605T094742_V20150622T000000_21000101T000000_B09</GIPP_FILENAME>
      <GIPP_FILENAME type="GIP_R2DECT" version="0003">S2A_OPER_GIP_R2DECT_MPC__20150605T094741_V20150622T000000_21000101T000000_B8A</GIPP_FILENAME>
      <GIPP_FILENAME type="GIP_R2DECT" version="0003">S2A_OPER_GIP_R2DECT_MPC__20150605T094741_V20150622T000000_21000101T000000_B07</GIPP_FILENAME>
      <GIPP_FILENAME type="GIP_R2DECT" version="0003">S2A_OPER_GIP_R2DECT_MPC__20150605T094741_V20150622T000000_21000101T000000_B01</GIPP_FILENAME>
      <GIPP_FILENAME type="GIP_R2DECT" version="0003">S2A_OPER_GIP_R2DECT_MPC__20150605T094742_V20150622T000000_21000101T000000_B11</GIPP_FILENAME>
      <GIPP_FILENAME type="GIP_R2DECT" version="0003">S2A_OPER_GIP_R2DECT_MPC__20150605T094741_V20150622T000000_21000101T000000_B02</GIPP_FILENAME>
      <GIPP_FILENAME type="GIP_R2DEFI" version="0003">S2A_OPER_GIP_R2DEFI_MPC__20150605T094741_V20150622T000000_21000101T000000_B12</GIPP_FILENAME>
      <GIPP_FILENAME type="GIP_R2DEFI" version="0003">S2A_OPER_GIP_R2DEFI_MPC__20150605T094741_V20150622T000000_21000101T000000_B09</GIPP_FILENAME>
      <GIPP_FILENAME type="GIP_R2DEFI" version="0003">S2A_OPER_GIP_R2DEFI_MPC__20150605T094741_V20150622T000000_21000101T000000_B04</GIPP_FILENAME>
      <GIPP_FILENAME type="GIP_R2DEFI" version="0003">S2A_OPER_GIP_R2DEFI_MPC__20150605T094741_V20150622T000000_21000101T000000_B11</GIPP_FILENAME>
      <GIPP_FILENAME type="GIP_R2DEFI" version="0003">S2A_OPER_GIP_R2DEFI_MPC__20150605T094741_V20150622T000000_21000101T000000_B02</GIPP_FILENAME>
      <GIPP_FILENAME type="GIP_R2DEFI" version="0003">S2A_OPER_GIP_R2DEFI_MPC__20150605T094741_V20150622T000000_21000101T000000_B08</GIPP_FILENAME>
      <GIPP_FILENAME type="GIP_R2DEFI" version="0003">S2A_OPER_GIP_R2DEFI_MPC__20150605T094741_V20150622T000000_21000101T000000_B10</GIPP_FILENAME>
      <GIPP_FILENAME type="GIP_R2DEFI" version="0003">S2A_OPER_GIP_R2DEFI_MPC__20150605T094741_V20150622T000000_21000101T000000_B07</GIPP_FILENAME>
      <GIPP_FILENAME type="GIP_R2DEFI" version="0003">S2A_OPER_GIP_R2DEFI_MPC__20150605T094741_V20150622T000000_21000101T000000_B8A</GIPP_FILENAME>
      <GIPP_FILENAME type="GIP_R2DEFI" version="0003">S2A_OPER_GIP_R2DEFI_MPC__20150605T094742_V20150622T000000_21000101T000000_B01</GIPP_FILENAME>
      <GIPP_FILENAME type="GIP_R2DEFI" version="0003">S2A_OPER_GIP_R2DEFI_MPC__20150605T094741_V20150622T000000_21000101T000000_B03</GIPP_FILENAME>
      <GIPP_FILENAME type="GIP_R2DEFI" version="0003">S2A_OPER_GIP_R2DEFI_MPC__20150605T094741_V20150622T000000_21000101T000000_B05</GIPP_FILENAME>
      <GIPP_FILENAME type="GIP_R2DEFI" version="0003">S2A_OPER_GIP_R2DEFI_MPC__20150605T094741_V20150622T000000_21000101T000000_B06</GIPP_FILENAME>
      <GIPP_FILENAME type="GIP_R2DENT" version="0003">S2A_OPER_GIP_R2DENT_MPC__20150605T094742_V20150622T000000_21000101T000000_B04</GIPP_FILENAME>
      <GIPP_FILENAME type="GIP_R2DENT" version="0003">S2A_OPER_GIP_R2DENT_MPC__20150605T094741_V20150622T000000_21000101T000000_B01</GIPP_FILENAME>
      <GIPP_FILENAME type="GIP_R2DENT" version="0003">S2A_OPER_GIP_R2DENT_MPC__20150605T094742_V20150622T000000_21000101T000000_B08</GIPP_FILENAME>
      <GIPP_FILENAME type="GIP_R2DENT" version="0003">S2A_OPER_GIP_R2DENT_MPC__20150605T094742_V20150622T000000_21000101T000000_B06</GIPP_FILENAME>
      <GIPP_FILENAME type="GIP_R2DENT" version="0003">S2A_OPER_GIP_R2DENT_MPC__20150605T094742_V20150622T000000_21000101T000000_B03</GIPP_FILENAME>
      <GIPP_FILENAME type="GIP_R2DENT" version="0003">S2A_OPER_GIP_R2DENT_MPC__20150605T094742_V20150622T000000_21000101T000000_B09</GIPP_FILENAME>
      <GIPP_FILENAME type="GIP_R2DENT" version="0003">S2A_OPER_GIP_R2DENT_MPC__20150605T094742_V20150622T000000_21000101T000000_B11</GIPP_FILENAME>
      <GIPP_FILENAME type="GIP_R2DENT" version="0003">S2A_OPER_GIP_R2DENT_MPC__20150605T094742_V20150622T000000_21000101T000000_B07</GIPP_FILENAME>
      <GIPP_FILENAME type="GIP_R2DENT" version="0003">S2A_OPER_GIP_R2DENT_MPC__20150605T094742_V20150622T000000_21000101T000000_B10</GIPP_FILENAME>
      <GIPP_FILENAME type="GIP_R2DENT" version="0003">S2A_OPER_GIP_R2DENT_MPC__20150605T094742_V20150622T000000_21000101T000000_B05</GIPP_FILENAME>
      <GIPP_FILENAME type="GIP_R2DENT" version="0003">S2A_OPER_GIP_R2DENT_MPC__20150605T094742_V20150622T000000_21000101T000000_B02</GIPP_FILENAME>
      <GIPP_FILENAME type="GIP_R2DENT" version="0003">S2A_OPER_GIP_R2DENT_MPC__20150605T094742_V20150622T000000_21000101T000000_B8A</GIPP_FILENAME>
      <GIPP_FILENAME type="GIP_R2DENT" version="0003">S2A_OPER_GIP_R2DENT_MPC__20150605T094742_V20150622T000000_21000101T000000_B12</GIPP_FILENAME>
      <GIPP_FILENAME type="GIP_R2DEPI" version="0023">S2A_OPER_GIP_R2DEPI_MPC__20230424T160000_V20230426T000000_21000101T000000_B00</GIPP_FILENAME>
      <GIPP_FILENAME type="GIP_R2EOB2" version="0014">S2A_OPER_GIP_R2EOB2_MPC__20190412T145327_V20190429T000000_21000101T000000_B11</GIPP_FILENAME>
      <GIPP_FILENAME type="GIP_R2EOB2" version="0014">S2A_OPER_GIP_R2EOB2_MPC__20190412T145327_V20190429T000000_21000101T000000_B8A</GIPP_FILENAME>
      <GIPP_FILENAME type="GIP_R2EOB2" version="0014">S2A_OPER_GIP_R2EOB2_MPC__20190412T145327_V20190429T000000_21000101T000000_B09</GIPP_FILENAME>
      <GIPP_FILENAME type="GIP_R2EOB2" version="0014">S2A_OPER_GIP_R2EOB2_MPC__20190412T145327_V20190429T000000_21000101T000000_B06</GIPP_FILENAME>
      <GIPP_FILENAME type="GIP_R2EOB2" version="0014">S2A_OPER_GIP_R2EOB2_MPC__20190412T145327_V20190429T000000_21000101T000000_B04</GIPP_FILENAME>
      <GIPP_FILENAME type="GIP_R2EOB2" version="0014">S2A_OPER_GIP_R2EOB2_MPC__20190412T145327_V20190429T000000_21000101T000000_B12</GIPP_FILENAME>
      <GIPP_FILENAME type="GIP_R2EOB2" version="0014">S2A_OPER_GIP_R2EOB2_MPC__20190412T145327_V20190429T000000_21000101T000000_B03</GIPP_FILENAME>
      <GIPP_FILENAME type="GIP_R2EOB2" version="0014">S2A_OPER_GIP_R2EOB2_MPC__20190412T145327_V20190429T000000_21000101T000000_B01</GIPP_FILENAME>
      <GIPP_FILENAME type="GIP_R2EOB2" version="0014">S2A_OPER_GIP_R2EOB2_MPC__20190412T145327_V20190429T000000_21000101T000000_B02</GIPP_FILENAME>
      <GIPP_FILENAME type="GIP_R2EOB2" version="0014">S2A_OPER_GIP_R2EOB2_MPC__20190412T145327_V20190429T000000_21000101T000000_B10</GIPP_FILENAME>
      <GIPP_FILENAME type="GIP_R2EOB2" version="0014">S2A_OPER_GIP_R2EOB2_MPC__20190412T145327_V20190429T000000_21000101T000000_B07</GIPP_FILENAME>
      <GIPP_FILENAME type="GIP_R2EOB2" version="0014">S2A_OPER_GIP_R2EOB2_MPC__20190412T145327_V20190429T000000_21000101T000000_B08</GIPP_FILENAME>
      <GIPP_FILENAME type="GIP_R2EOB2" version="0014">S2A_OPER_GIP_R2EOB2_MPC__20190412T145327_V20190429T000000_21000101T000000_B05</GIPP_FILENAME>
      <GIPP_FILENAME type="GIP_R2EQOG" version="0212">S2A_OPER_GIP_R2EQOG_MPC__20240416T103800_V20240417T000000_21000101T000000_B03</GIPP_FILENAME>
      <GIPP_FILENAME type="GIP_R2EQOG" version="0212">S2A_OPER_GIP_R2EQOG_MPC__20240416T103800_V20240417T000000_21000101T000000_B05</GIPP_FILENAME>
      <GIPP_FILENAME type="GIP_R2EQOG" version="0212">S2A_OPER_GIP_R2EQOG_MPC__20240416T103800_V20240417T000000_21000101T000000_B02</GIPP_FILENAME>
      <GIPP_FILENAME type="GIP_R2EQOG" version="0212">S2A_OPER_GIP_R2EQOG_MPC__20240416T103800_V20240417T000000_21000101T000000_B08</GIPP_FILENAME>
      <GIPP_FILENAME type="GIP_R2EQOG" version="0212">S2A_OPER_GIP_R2EQOG_MPC__20240416T103800_V20240417T000000_21000101T000000_B12</GIPP_FILENAME>
      <GIPP_FILENAME type="GIP_R2EQOG" version="0212">S2A_OPER_GIP_R2EQOG_MPC__20240416T103800_V20240417T000000_21000101T000000_B09</GIPP_FILENAME>
      <GIPP_FILENAME type="GIP_R2EQOG" version="0212">S2A_OPER_GIP_R2EQOG_MPC__20240416T103800_V20240417T000000_21000101T000000_B06</GIPP_FILENAME>
      <GIPP_FILENAME type="GIP_R2EQOG" version="0212">S2A_OPER_GIP_R2EQOG_MPC__20240416T103800_V20240417T000000_21000101T000000_B07</GIPP_FILENAME>
      <GIPP_FILENAME type="GIP_R2EQOG" version="0212">S2A_OPER_GIP_R2EQOG_MPC__20240416T103800_V20240417T000000_21000101T000000_B10</GIPP_FILENAME>
      <GIPP_FILENAME type="GIP_R2EQOG" version="0212">S2A_OPER_GIP_R2EQOG_MPC__20240416T103800_V20240417T000000_21000101T000000_B8A</GIPP_FILENAME>
      <GIPP_FILENAME type="GIP_R2EQOG" version="0212">S2A_OPER_GIP_R2EQOG_MPC__20240416T103800_V20240417T000000_21000101T000000_B01</GIPP_FILENAME>
      <GIPP_FILENAME type="GIP_R2EQOG" version="0212">S2A_OPER_GIP_R2EQOG_MPC__20240416T103800_V20240417T000000_21000101T000000_B04</GIPP_FILENAME>
      <GIPP_FILENAME type="GIP_R2EQOG" version="0212">S2A_OPER_GIP_R2EQOG_MPC__20240416T103800_V20240417T000000_21000101T000000_B11</GIPP_FILENAME>
      <GIPP_FILENAME type="GIP_R2L2NC" version="0003">S2A_OPER_GIP_R2L2NC_MPC__20150605T094742_V20150622T000000_21000101T000000_B04</GIPP_FILENAME>
      <GIPP_FILENAME type="GIP_R2L2NC" version="0003">S2A_OPER_GIP_R2L2NC_MPC__20150605T094742_V20150622T000000_21000101T000000_B09</GIPP_FILENAME>
      <GIPP_FILENAME type="GIP_R2L2NC" version="0003">S2A_OPER_GIP_R2L2NC_MPC__20150605T094742_V20150622T000000_21000101T000000_B11</GIPP_FILENAME>
      <GIPP_FILENAME type="GIP_R2L2NC" version="0003">S2A_OPER_GIP_R2L2NC_MPC__20150605T094742_V20150622T000000_21000101T000000_B07</GIPP_FILENAME>
      <GIPP_FILENAME type="GIP_R2L2NC" version="0003">S2A_OPER_GIP_R2L2NC_MPC__20150605T094742_V20150622T000000_21000101T000000_B05</GIPP_FILENAME>
      <GIPP_FILENAME type="GIP_R2L2NC" version="0003">S2A_OPER_GIP_R2L2NC_MPC__20150605T094742_V20150622T000000_21000101T000000_B08</GIPP_FILENAME>
      <GIPP_FILENAME type="GIP_R2L2NC" version="0003">S2A_OPER_GIP_R2L2NC_MPC__20150605T094742_V20150622T000000_21000101T000000_B8A</GIPP_FILENAME>
      <GIPP_FILENAME type="GIP_R2L2NC" version="0003">S2A_OPER_GIP_R2L2NC_MPC__20150605T094742_V20150622T000000_21000101T000000_B01</GIPP_FILENAME>
      <GIPP_FILENAME type="GIP_R2L2NC" version="0003">S2A_OPER_GIP_R2L2NC_MPC__20150605T094742_V20150622T000000_21000101T000000_B10</GIPP_FILENAME>
      <GIPP_FILENAME type="GIP_R2L2NC" version="0003">S2A_OPER_GIP_R2L2NC_MPC__20150605T094742_V20150622T000000_21000101T000000_B06</GIPP_FILENAME>
      <GIPP_FILENAME type="GIP_R2L2NC" version="0003">S2A_OPER_GIP_R2L2NC_MPC__20150605T094742_V20150622T000000_21000101T000000_B12</GIPP_FILENAME>
      <GIPP_FILENAME type="GIP_R2L2NC" version="0003">S2A_OPER_GIP_R2L2NC_MPC__20150605T094742_V20150622T000000_21000101T000000_B02</GIPP_FILENAME>
      <GIPP_FILENAME type="GIP_R2L2NC" version="0003">S2A_OPER_GIP_R2L2NC_MPC__20150605T094741_V20150622T000000_21000101T000000_B03</GIPP_FILENAME>
      <GIPP_FILENAME type="GIP_R2NOMO" version="0004">S2A_OPER_GIP_R2NOMO_MPC__20150605T094803_V20150622T000000_21000101T000000_B00</GIPP_FILENAME>
      <GIPP_FILENAME type="GIP_R2PARA" version="0009">S2A_OPER_GIP_R2PARA_MPC__20221206T000009_V20221206T073000_21000101T000000_B00</GIPP_FILENAME>
      <GIPP_FILENAME type="GIP_R2SWIR" version="0021">S2A_OPER_GIP_R2SWIR_MPC__20180406T000021_V20180604T100000_21000101T000000_B00</GIPP_FILENAME>
      <GIPP_FILENAME type="GIP_R2WAFI" version="0003">S2A_OPER_GIP_R2WAFI_MPC__20150605T094742_V20150622T000000_21000101T000000_B05</GIPP_FILENAME>
      <GIPP_FILENAME type="GIP_R2WAFI" version="0003">S2A_OPER_GIP_R2WAFI_MPC__20150605T094742_V20150622T000000_21000101T000000_B04</GIPP_FILENAME>
      <GIPP_FILENAME type="GIP_R2WAFI" version="0003">S2A_OPER_GIP_R2WAFI_MPC__20150605T094742_V20150622T000000_21000101T000000_B07</GIPP_FILENAME>
      <GIPP_FILENAME type="GIP_R2WAFI" version="0003">S2A_OPER_GIP_R2WAFI_MPC__20150605T094742_V20150622T000000_21000101T000000_B06</GIPP_FILENAME>
      <GIPP_FILENAME type="GIP_R2WAFI" version="0003">S2A_OPER_GIP_R2WAFI_MPC__20150605T094742_V20150622T000000_21000101T000000_B09</GIPP_FILENAME>
      <GIPP_FILENAME type="GIP_R2WAFI" version="0003">S2A_OPER_GIP_R2WAFI_MPC__20150605T094742_V20150622T000000_21000101T000000_B8A</GIPP_FILENAME>
      <GIPP_FILENAME type="GIP_R2WAFI" version="0003">S2A_OPER_GIP_R2WAFI_MPC__20150605T094742_V20150622T000000_21000101T000000_B08</GIPP_FILENAME>
      <GIPP_FILENAME type="GIP_R2WAFI" version="0003">S2A_OPER_GIP_R2WAFI_MPC__20150605T094742_V20150622T000000_21000101T000000_B10</GIPP_FILENAME>
      <GIPP_FILENAME type="GIP_R2WAFI" version="0003">S2A_OPER_GIP_R2WAFI_MPC__20150605T094742_V20150622T000000_21000101T000000_B12</GIPP_FILENAME>
      <GIPP_FILENAME type="GIP_R2WAFI" version="0003">S2A_OPER_GIP_R2WAFI_MPC__20150605T094742_V20150622T000000_21000101T000000_B11</GIPP_FILENAME>
      <GIPP_FILENAME type="GIP_R2WAFI" version="0003">S2A_OPER_GIP_R2WAFI_MPC__20150605T094742_V20150622T000000_21000101T000000_B01</GIPP_FILENAME>
      <GIPP_FILENAME type="GIP_R2WAFI" version="0003">S2A_OPER_GIP_R2WAFI_MPC__20150605T094742_V20150622T000000_21000101T000000_B03</GIPP_FILENAME>
      <GIPP_FILENAME type="GIP_R2WAFI" version="0003">S2A_OPER_GIP_R2WAFI_MPC__20150605T094742_V20150622T000000_21000101T000000_B02</GIPP_FILENAME>
      <GIPP_FILENAME type="GIP_RESPAR" version="0001">S2A_OPER_GIP_RESPAR_MPC__20150605T094736_V20150622T000000_21000101T000000_B00</GIPP_FILENAME>
      <GIPP_FILENAME type="GIP_SPAMOD" version="0026">S2A_OPER_GIP_SPAMOD_MPC__20231122T110026_V20231123T010000_21000101T000000_B00</GIPP_FILENAME>
      <GIPP_FILENAME type="GIP_TILPAR" version="0007">S2A_OPER_GIP_TILPAR_MPC__20151209T095117_V20150622T000000_21000101T000000_B00</GIPP_FILENAME>
      <GIPP_FILENAME type="GIP_VIEDIR" version="0005">S2A_OPER_GIP_VIEDIR_MPC__20151117T131050_V20150703T000000_21000101T000000_B05</GIPP_FILENAME>
      <GIPP_FILENAME type="GIP_VIEDIR" version="0005">S2A_OPER_GIP_VIEDIR_MPC__20151117T131048_V20150703T000000_21000101T000000_B01</GIPP_FILENAME>
      <GIPP_FILENAME type="GIP_VIEDIR" version="0005">S2A_OPER_GIP_VIEDIR_MPC__20151117T131049_V20150703T000000_21000101T000000_B02</GIPP_FILENAME>
      <GIPP_FILENAME type="GIP_VIEDIR" version="0005">S2A_OPER_GIP_VIEDIR_MPC__20151117T131050_V20150703T000000_21000101T000000_B8A</GIPP_FILENAME>
      <GIPP_FILENAME type="GIP_VIEDIR" version="0005">S2A_OPER_GIP_VIEDIR_MPC__20151117T131049_V20150703T000000_21000101T000000_B03</GIPP_FILENAME>
      <GIPP_FILENAME type="GIP_VIEDIR" version="0005">S2A_OPER_GIP_VIEDIR_MPC__20151117T131050_V20150703T000000_21000101T000000_B07</GIPP_FILENAME>
      <GIPP_FILENAME type="GIP_VIEDIR" version="0005">S2A_OPER_GIP_VIEDIR_MPC__20151117T131050_V20150703T000000_21000101T000000_B10</GIPP_FILENAME>
      <GIPP_FILENAME type="GIP_VIEDIR" version="0005">S2A_OPER_GIP_VIEDIR_MPC__20151117T131049_V20150703T000000_21000101T000000_B04</GIPP_FILENAME>
      <GIPP_FILENAME type="GIP_VIEDIR" version="0005">S2A_OPER_GIP_VIEDIR_MPC__20151117T131050_V20150703T000000_21000101T000000_B06</GIPP_FILENAME>
      <GIPP_FILENAME type="GIP_VIEDIR" version="0005">S2A_OPER_GIP_VIEDIR_MPC__20151117T131050_V20150703T000000_21000101T000000_B09</GIPP_FILENAME>
      <GIPP_FILENAME type="GIP_VIEDIR" version="0005">S2A_OPER_GIP_VIEDIR_MPC__20151117T131050_V20150703T000000_21000101T000000_B08</GIPP_FILENAME>
      <GIPP_FILENAME type="GIP_VIEDIR" version="0005">S2A_OPER_GIP_VIEDIR_MPC__20151117T131050_V20150703T000000_21000101T000000_B11</GIPP_FILENAME>
      <GIPP_FILENAME type="GIP_VIEDIR" version="0005">S2A_OPER_GIP_VIEDIR_MPC__20151117T131051_V20150703T000000_21000101T000000_B12</GIPP_FILENAME>
      <GIPP_FILENAME type="GIP_L2ACSC" version="21003">S2__OPER_GIP_L2ACSC_MPC__20220121T000003_V20220125T022000_21000101T000000_B00</GIPP_FILENAME>
      <GIPP_FILENAME type="GIP_L2ACAC" version="21003">S2__OPER_GIP_L2ACAC_MPC__20220121T000004_V20220125T022000_21000101T000000_B00</GIPP_FILENAME>
      <GIPP_FILENAME type="GIP_PROBA2" version="0510">S2__OPER_GIP_PROBA2_MPC__20231208T000510_V20231213T070000_21000101T000000_B00</GIPP_FILENAME>
    
</GIPP_List>
        <PRODUCTION_DEM_TYPE>CopernicusDEM30</PRODUCTION_DEM_TYPE>
        <IERS_BULLETIN_FILENAME>S2__OPER_AUX_UT1UTC_PDMC_20240516T000000_V20240517T000000_20250516T000000</IERS_BULLETIN_FILENAME>
        <GRI_List>
            <GRI_FILENAME>S2A_OPER_GRI_MSIL1B_MPC__20160520T072715_S20160505T171745</GRI_FILENAME>
        </GRI_List>
        <ECMWF_DATA_REF>S2__OPER_AUX_ECMWFD_ADG__20240523T000000_V20240523T090000_20240525T030000</ECMWF_DATA_REF>
        <LUT_List>
            <LUT_FILENAME>None</LUT_FILENAME>
        </LUT_List>
        <SNOW_CLIMATOLOGY_MAP>GlobalSnowMap.tiff</SNOW_CLIMATOLOGY_MAP>
        <ESACCI_WaterBodies_Map>ESACCI-LC-L4-WB-Map-150m-P13Y-2000-v4.0.tif</ESACCI_WaterBodies_Map>
        <ESACCI_LandCover_Map>ESACCI-LC-L4-LCCS-Map-300m-P1Y-2015-v2.0.7.tif</ESACCI_LandCover_Map>
        <ESACCI_SnowCondition_Map_Dir>ESACCI-LC-L4-Snow-Cond-500m-MONTHLY-2000-2012-v2.4</ESACCI_SnowCondition_Map_Dir>
    </n1:Auxiliary_Data_Info>
    <n1:Quality_Indicators_Info>
        <Cloud_Coverage_Assessment>0.160694</Cloud_Coverage_Assessment>
        <Technical_Quality_Assessment>
            <DEGRADED_ANC_DATA_PERCENTAGE>0.0</DEGRADED_ANC_DATA_PERCENTAGE>
            <DEGRADED_MSI_DATA_PERCENTAGE>0</DEGRADED_MSI_DATA_PERCENTAGE>
        </Technical_Quality_Assessment>
        <Quality_Control_Checks>
            <Quality_Inspections>
                <quality_check checkType="FORMAT_CORRECTNESS">PASSED</quality_check>
                <quality_check checkType="GENERAL_QUALITY">PASSED</quality_check>
                <quality_check checkType="GEOMETRIC_QUALITY">PASSED</quality_check>
                <quality_check checkType="L2A_QUALITY">PASSED</quality_check>
                <quality_check checkType="RADIOMETRIC_QUALITY">PASSED</quality_check>
                <quality_check checkType="SENSOR_QUALITY">PASSED</quality_check>
            </Quality_Inspections>
            <Failed_Inspections/>
        </Quality_Control_Checks>
        <Image_Content_QI>
            <CLOUDY_PIXEL_OVER_LAND_PERCENTAGE>0.14988</CLOUDY_PIXEL_OVER_LAND_PERCENTAGE>
            <NODATA_PIXEL_PERCENTAGE>41.191289</NODATA_PIXEL_PERCENTAGE>
            <SATURATED_DEFECTIVE_PIXEL_PERCENTAGE>0.0</SATURATED_DEFECTIVE_PIXEL_PERCENTAGE>
            <DARK_FEATURES_PERCENTAGE>0.144406</DARK_FEATURES_PERCENTAGE>
            <CLOUD_SHADOW_PERCENTAGE>0.218702</CLOUD_SHADOW_PERCENTAGE>
            <VEGETATION_PERCENTAGE>29.574531</VEGETATION_PERCENTAGE>
            <NOT_VEGETATED_PERCENTAGE>68.780392</NOT_VEGETATED_PERCENTAGE>
            <WATER_PERCENTAGE>0.641218</WATER_PERCENTAGE>
            <UNCLASSIFIED_PERCENTAGE>0.479723</UNCLASSIFIED_PERCENTAGE>
            <MEDIUM_PROBA_CLOUDS_PERCENTAGE>0.121597</MEDIUM_PROBA_CLOUDS_PERCENTAGE>
            <HIGH_PROBA_CLOUDS_PERCENTAGE>0.031413</HIGH_PROBA_CLOUDS_PERCENTAGE>
            <THIN_CIRRUS_PERCENTAGE>0.007684</THIN_CIRRUS_PERCENTAGE>
            <SNOW_ICE_PERCENTAGE>3.33E-4</SNOW_ICE_PERCENTAGE>
            <RADIATIVE_TRANSFER_ACCURACY>0.0</RADIATIVE_TRANSFER_ACCURACY>
            <WATER_VAPOUR_RETRIEVAL_ACCURACY>0.0</WATER_VAPOUR_RETRIEVAL_ACCURACY>
            <AOT_RETRIEVAL_ACCURACY>0.0</AOT_RETRIEVAL_ACCURACY>
            <AOT_RETRIEVAL_METHOD>SEN2COR_DDV</AOT_RETRIEVAL_METHOD>
            <GRANULE_MEAN_AOT>0.080253</GRANULE_MEAN_AOT>
            <GRANULE_MEAN_WV>1.210036</GRANULE_MEAN_WV>
            <OZONE_SOURCE>AUX_ECMWFT</OZONE_SOURCE>
            <OZONE_VALUE>366.389033</OZONE_VALUE>
        </Image_Content_QI>
    </n1:Quality_Indicators_Info>
</n1:Level-2A_User_Product>
